17002550102,10_699
17002550102,4_521
17002550102,9_562-1_20
17002550102,9_562-8_20
17002550102,9_618
17002550102,10_703
17002604465,4_520
17002604465,3_219
17002604465,4_335
17002604465,4_323
17002604465,7_342
17002604465,4_522
17002604465,4_526
17018610443,4_529
17018610443,4_281
17001762191,2_92
17001762191,2_112
17001762191,3_185
17002513559,1_43
17002513559,8_460
17002513559,8_492
17002513559,8_397
17002513559,9_562-8_95
17002513559,10_703
17017388538,4_555
17017388538,9_685
17018363616,3_161
17018363616,7_343
17018003221,8_478
17018003221,8_391
17012802729,2_151
17012802729,2_139
17012802729,3_202
17012802729,3_208
17014230257,2_99
17014230257,2_151
17014230257,3_168
17014230257,7_342
17201919404,7_343
17018617488,8_483
17018617488,8_413
17018617488,9_562-8_16
17019174150,8_421
17001634068,7_359
17001634068,7_360
17503049134,2_105
17503049134,2_141
17503049134,3_185
17019530148,10_643
17012500701,2_95
17002787747,1_54
17002787747,2_85
17002787747,2_141
17002787747,3_185
17002787747,8_497
17002787747,8_489
17002787747,8_385
17002787747,9_685
17015468030,5_339
17015468030,8_437
17015468030,8_484
17015468030,8_397
17015468030,10_704
17020733547,2_151
17020733547,7_342
17014212934,3_194
17014212934,3_202
17014212934,7_342
17014212934,4_532
17014212934,10_689
17001732255,10_691
17014021498,1_52
17014021498,3_189
17014736647,9_629
17014736647,10_638
17014742360,2_95
17014742360,2_114
17002815791,2_154
17002815791,8_501
17002815791,8_500
17002815791,8_421
17002815791,8_389
17002815791,10_701
17000906886,1_46
17000906886,2_95
17000906886,2_141
17000906886,3_194
17019393428,3_214
17019393428,8_501
17019393428,8_397
17019393428,10_701
17019654417,2_154
17015474433,2_99
17020169916,10_688
17012534080,1_54
17012534080,3_210
17012534080,8_480
17012534080,8_497
17012534080,8_400
17012534080,8_369
17012534080,9_685
17020148896,2_88
17020148896,2_151
17020148896,3_185
17020148896,9_630
17018863926,8_500
17018863926,8_483
17018863926,10_695
17018863926,10_703
17020163808,3_189
17020163808,4_335
17014301120,2_105
17014301120,3_209
17017122604,2_85
17017122604,8_489
17001982429,1_56
17001982429,2_94
17001982429,2_95
17001982429,3_186
17001982429,7_345
17001741121,1_60
17001741121,1_57
17001741121,2_141
17001741121,3_194
17001741121,4_531
17015516417,7_342
17016046697,2_95
17016046697,4_505
17016046697,7_342
17019152149,3_161
17019152149,2_151
17019152149,3_209
17019152149,3_185
17019152149,3_194
17019972329,4_537
17019972329,4_335
17019972329,8_480
17019972329,10_636
17019972329,10_681
17020649819,2_85
17020649819,2_114
17020649819,2_141
17020649819,3_194
17020649819,9_629
17020649819,10_638
17020281528,3_185
17002176453,2_85
17002176453,8_413
17013022244,2_137
17013022244,3_189
17013022244,4_311
17019972954,7_353
17019972954,8_437
17019972954,8_378
17013233790,1_20
17013233790,2_105
17013233790,8_385
17013233790,10_636
17001509283,2_139
17001509283,7_354
17017217952,1_43
17017217952,2_132
17017217952,2_126
17017217952,2_135
17017217952,2_118
17017217952,3_214
17017217952,9_633
17001151291,2_141
17001151291,4_331
17001151291,3_218
17020161838,2_154
17020161838,2_151
17020153370,2_141
17020153370,4_533
17020153370,3_210
17019606908,1_61
17019606908,3_214
17020590152,1_45
17020590152,2_154
17020590152,8_503
17020590152,8_479
17020590152,8_381
17001634068,2_151
17002801130,3_185
17002801130,3_215
17002801130,3_210
17002801130,3_194
17002801130,8_464
17002801130,8_440
17002801130,10_697
17016829205,1_10
17016829205,1_44
17016829205,3_157
17016829205,2_129
17016829205,4_310
17016829205,3_206
17016829205,10_698
17001559020,2_99
17001559020,2_145
17001559020,4_327
17001559020,8_483
17001559020,8_493
17002775024,1_46
17002775024,2_154
17002775024,8_439
17002775024,8_487
17002775024,8_447
17002775024,8_391
17002775024,8_407
17018534755,1_39
17018534755,2_94
17018534755,3_161
17018534755,2_126
17018534755,2_134
17018534755,3_202
17018534755,4_522
17019951324,2_93
17019951324,2_85
17019951324,2_105
17019951324,3_161
17019951324,2_116
17019951324,2_149
17019951324,3_209
17019951324,3_185
17019951324,4_323
17002550102,8_460
17002550102,8_404
17015474433,2_114
17015474433,4_528
17015474433,3_200
17015474433,4_335
17015474433,4_522
17015474433,9_618
17012498186,9_562-8_44
17020277894,1_43
17020277894,3_185
17012792025,2_102
17012792025,2_149
17015183818,4_529
17015183818,4_272
17015183818,4_335
17015183818,8_409
17015183818,10_697
17012957825,2_99
17012957825,2_151
17012957825,3_196
17012957825,3_189
17012957825,3_212
17019353878,3_185
17019353878,8_417
17019353878,8_385
17019353878,8_409
17015282170,8_473
17015282170,8_441
17015282170,8_497
17015282170,8_416
17015282170,10_636
17019069255,8_397
17002881997,3_185
17002881997,3_210
17002881997,8_483
17002881997,8_453
17002881997,8_477
17015226785,3_185
17015226785,4_335
17015226785,8_445
17015226785,8_501
17015226785,8_477
17015226785,8_413
17002550102,10_705
17002550102,10_701
17002604465,4_328
17002604465,4_528
17002604465,7_349
17002604465,10_689
17018610443,4_324
17018610443,5_339
17018610443,4_326
17001762191,1_21
17001762191,2_93
17001762191,2_138
17001762191,4_555
17001762191,4_333
17001762191,9_684
17001762191,9_629
17002513559,3_215
17002513559,8_444
17002513559,8_404
17017388538,2_95
17017388538,2_151
17017388538,2_114
17017388538,8_497
17017388538,8_408
17017388538,10_681
17018363616,2_97
17018003221,8_486
17018003221,10_708
17012802729,2_93
17012802729,3_192
17012802729,2_122
17012802729,3_168
17002645442,3_220
17002645442,4_298
17002645442,4_304
17002645442,9_562-8_44
17014230257,2_126
17014230257,3_189
17014230257,3_212
17201919404,7_341
17018617488,4_335
17018617488,9_562-1_16
17018617488,10_641
17019174150,8_437
17019174150,8_389
17019174150,10_688
17001634068,3_210
17503049134,4_533
17503049134,3_210
17012500701,4_555
17002787747,8_433
17002787747,10_697
17002787747,9_562-8_15
17015468030,8_445
17015468030,8_493
17020733547,1_38
17020733547,2_114
17020733547,4_335
17020733547,4_532
17014212934,2_114
17014212934,3_189
17014212934,3_219
17001732255,2_105
17001732255,4_520
17014021498,1_54
17014021498,2_124
17014021498,10_688
17000882913,4_274
17000882913,7_345
17014736647,2_99
17014736647,2_133
17014736647,2_118
17014736647,4_555
17014736647,4_277
17014736647,4_335
17014742360,4_530
17016911748,4_504
17000906886,3_189
17000906886,4_555
17000906886,9_629
17019393428,1_69
17019393428,3_189
17019654417,8_440
17019654417,8_473
17019654417,10_636
17019654417,9_562-8_26
17019654417,10_681
17015474433,2_93
17015474433,2_95
17015474433,2_154
17012534080,2_87
17012534080,2_154
17012534080,3_185
17012534080,3_194
17012534080,4_332
17012534080,8_441
17012534080,8_393
17012534080,8_433
17012534080,8_401
17012534080,9_622
17012534080,9_686
17020148896,3_194
17018863926,4_248
17018863926,8_468
17018863926,8_376
17018863926,10_704
17020163808,1_26
17020163808,1_27
17020163808,3_210
17014301120,1_27
17014301120,1_53
17014301120,2_116
17014301120,3_185
17014301120,3_210
17017122604,2_154
17017122604,2_114
17017122604,3_185
17017122604,8_441
17001982429,1_39
17001982429,1_38
17001982429,1_46
17001982429,1_54
17001982429,2_104
17001982429,2_151
17001982429,2_141
17001982429,3_170
17001982429,3_210
17001982429,9_684
17001982429,9_629
17001741121,1_43
17001741121,2_105
17001741121,9_629
17001741121,10_691
17015516417,8_437
17015516417,8_413
17015516417,8_389
17015516417,10_703
17015516417,10_701
17016046697,2_151
17016046697,3_202
17000904453,7_354
17019152149,2_104
17019152149,4_555
17019152149,9_562-8_94
17019972329,8_369
17020649819,1_54
17020649819,3_189
17020649819,4_532
17020649819,10_668
17020281528,2_85
17020281528,4_520
17020281528,9_629
17002176453,2_114
17002176453,3_189
17002176453,4_279
17002176453,9_629
17013022244,7_354
17013022244,4_335
17013022244,10_682
17019972954,8_376
17019972954,8_428
17019972954,8_405
17019972954,7_367
17013233790,2_122
17013233790,2_112
17013233790,8_409
17013233790,10_681
17001509283,2_93
17001509283,2_112
17001509283,7_355
17001509283,10_637
17017217952,2_154
17017217952,3_187
17017217952,3_215
17017217952,3_194
17001151291,2_151
17001151291,4_530
17001151291,7_354
17020161838,1_54
17020153370,2_151
17020153370,4_248
17019606908,2_154
17019606908,3_189
17019606908,8_495
17019606908,10_708
17020590152,3_189
17002801130,1_38
17002801130,1_52
17002801130,2_154
17002801130,2_124
17002801130,3_216
17002801130,3_189
17002801130,8_416
17002801130,10_692
17016829205,1_14
17016829205,1_43
17016829205,1_73
17016829205,2_100
17016829205,2_128
17016829205,3_189
17016829205,3_181
17016829205,4_251
17016829205,7_342
17016829205,4_554
17001559020,2_151
17001559020,2_124
17001559020,7_345
17001559020,3_210
17001559020,4_329
17001559020,8_421
17001559020,8_397
17001559020,8_428
17002775024,8_462
17002775024,10_707
17002775024,9_562-8_19
17018534755,2_97
17018534755,2_140
17018534755,2_151
17018534755,2_116
17018534755,2_107
17018534755,2_114
17018534755,4_528
17018534755,3_212
17018534755,7_354
17018534755,4_329
17019951324,1_38
17019951324,1_54
17019951324,2_148
17019951324,4_530
17002550102,8_477
17015474433,2_141
17015474433,4_323
17012498186,4_317
17020277894,2_95
17020277894,2_114
17012792025,2_122
17015183818,2_141
17015183818,3_210
17015183818,8_473
17012957825,2_126
17012957825,2_141
17019353878,2_133
17019353878,3_194
17019353878,4_333
17019353878,8_481
17019353878,8_393
17019353878,9_629
17019353878,9_633
17015282170,4_533
17015282170,10_697
17019069255,4_335
17019069255,8_493
17019069255,8_413
17019069255,8_389
17019069255,10_693
17002881997,2_85
17002881997,2_116
17002881997,8_501
17002881997,3_209
17002881997,8_389
17002881997,10_701
17015226785,2_114
17015226785,3_209
17015226785,4_520
17015226785,8_484
17015226785,9_562-1_20
17015226785,10_683
17002604465,4_327
17002604465,4_530
17002604465,7_343
17002604465,4_333
17002604465,4_534
17018610443,10_691
17001762191,2_85
17001762191,2_121
17001762191,3_219
17001762191,3_210
17001762191,4_332
17002513559,2_154
17002513559,8_501
17002513559,8_436
17002513559,8_437
17002513559,8_421
17002513559,10_683
17017388538,3_210
17017388538,4_335
17017388538,8_449
17017388538,8_488
17017388538,10_638
17018363616,1_25
17018363616,2_151
17018363616,7_347
17018363616,3_194
17018003221,1_46
17018003221,8_462
17018003221,8_439
17018003221,8_423
17018003221,8_406
17012802729,1_54
17002645442,3_219
17014230257,1_33
17014230257,1_36
17014230257,1_40
17014230257,4_322
17014230257,3_196
17014230257,3_185
17201919404,4_515
17018617488,8_493
17018617488,9_562-1_39
17019174150,8_501
17019174150,8_500
17019174150,8_483
17019174150,8_428
17019174150,10_696
17002900504,3_189
17002900504,8_388
17002900504,10_693
17012500701,2_114
17002787747,7_353
17002787747,4_335
17002787747,8_393
17002787747,8_392
17002787747,9_684
17015468030,4_555
17015468030,8_501
17015468030,8_483
17015468030,8_477
17015468030,8_413
17015468030,8_389
17015468030,9_562-1_108
17015468030,10_701
17020733547,2_141
17020733547,10_697
17014212934,1_53
17014212934,2_116
17014212934,3_185
17001732255,1_54
17001732255,2_151
17001732255,4_524
17001732255,4_554
17014021498,4_513
17014021498,4_335
17014736647,1_45
17014736647,2_154
17014736647,2_151
17014736647,2_124
17014736647,3_188
17014736647,9_562-1_20
17014736647,9_562-8_95
17014742360,4_555
17014742360,3_210
17014742360,4_278
17002815791,8_445
17002815791,9_562-8_36
17000906886,2_104
17000906886,2_154
17019393428,8_421
17019393428,10_693
17019654417,10_697
17015474433,1_53
17020169916,4_334
17012534080,2_114
17012534080,8_489
17018863926,8_501
17018863926,7_354
17018863926,4_335
17018863926,8_453
17018863926,8_477
17018863926,8_421
17014301120,1_25
17014301120,3_189
17014301120,7_342
17017122604,1_38
17017122604,1_52
17017122604,4_275
17017122604,4_335
17017122604,8_393
17017122604,8_433
17017122604,10_635
17017122604,10_681
17001982429,1_52
17001982429,2_105
17001982429,2_132
17001982429,3_196
17001982429,3_187
17001741121,1_54
17001741121,2_151
17001741121,4_283
17001741121,3_168
17001741121,7_345
17015516417,2_154
17015516417,8_501
17015516417,8_493
17016046697,2_141
17016046697,3_189
17016046697,10_690
17019152149,1_37
17019152149,2_154
17019152149,4_532
17019152149,9_562-1_39
17019972329,8_385
17020649819,2_151
17020649819,4_335
17020649819,9_562-1_39
17020281528,3_189
17002176453,2_95
17002176453,4_523
17002176453,4_276
17002176453,8_477
17013022244,4_296
17013022244,4_302
17013022244,3_206
17019972954,1_43
17019972954,1_57
17019972954,3_214
17019972954,8_389
17013233790,2_103
17013233790,2_151
17013233790,2_139
17013233790,2_114
17013233790,3_185
17013233790,3_208
17013233790,7_342
17013233790,8_497
17013233790,8_417
17013233790,4_532
17001509283,2_130
17017217952,1_40
17017217952,1_56
17017217952,1_59
17017217952,2_114
17017217952,3_185
17001151291,2_95
17001151291,2_114
17001151291,3_185
17020153370,3_194
17019606908,1_44
17019606908,7_354
17019606908,8_380
17019606908,8_391
17019606908,8_415
17019606908,8_406
17020590152,1_46
17020590152,8_487
17020590152,9_562-8_42
17001634068,1_54
17001634068,2_141
17002801130,1_39
17002801130,2_95
17002801130,4_328
17002801130,8_441
17002801130,8_497
17002801130,8_480
17002801130,8_384
17002801130,8_425
17002801130,9_686
17002801130,9_629
17002801130,9_562-8_45
17002801130,9_684
17002801130,9_633
17002801130,10_638
17016829205,1_11
17016829205,2_120
17016829205,2_119
17016829205,2_114
17016829205,3_198
17001559020,2_153
17001559020,3_196
17001559020,3_185
17001559020,3_212
17001559020,3_219
17001559020,4_335
17001559020,8_378
17001559020,8_389
17001559020,10_705
17002775024,6_340
17002775024,8_495
17002775024,8_380
17002775024,8_406
17002775024,10_708
17002775024,9_562-8_42
17018534755,1_36
17018534755,2_89
17018534755,2_99
17018534755,2_153
17018534755,2_154
17018534755,2_141
17018534755,3_209
17018534755,4_520
17018534755,4_524
17018534755,3_196
17018534755,4_335
17018534755,4_532
17018534755,9_686
17019951324,2_143
17019951324,2_139
17019951324,4_524
17019951324,4_296
17019951324,9_631
17019951324,4_532
17019951324,10_681
17002550102,2_85
17002550102,2_154
17002550102,8_500
17002550102,7_353
17002550102,8_501
17002550102,8_484
17002550102,8_377
17015474433,2_151
17015474433,4_518
17015474433,3_185
17015474433,3_183
17015474433,4_329
17020277894,1_40
17020277894,2_85
17020277894,3_194
17020277894,4_522
17012792025,2_139
17012792025,4_335
17015183818,2_95
17015183818,2_145
17015183818,2_114
17015183818,3_189
17015183818,10_681
17012957825,1_36
17012957825,1_38
17012957825,2_154
17012957825,3_170
17012957825,3_194
17012957825,4_329
17019353878,1_57
17019353878,2_132
17019353878,2_141
17019353878,3_161
17019353878,3_210
17019353878,8_440
17019353878,8_433
17019353878,8_369
17019353878,10_681
17015282170,8_393
17015282170,9_562-8_37
17015282170,9_629
17019069255,4_555
17019069255,8_378
17019069255,10_701
17002881997,2_154
17002881997,2_151
17002881997,8_500
17002881997,4_507
17002881997,4_335
17015226785,1_38
17015226785,2_85
17015226785,2_141
17015226785,3_219
17015226785,4_324
17015226785,8_421
17015226785,10_699
17002550102,10_702
17002550102,9_562-8_14
17002604465,4_524
17002604465,4_555
17002604465,10_681
17018610443,4_523
17018610443,10_670
17001762191,2_154
17001762191,2_151
17001762191,2_113
17001762191,2_114
17001762191,4_296
17001762191,3_194
17001762191,9_562-1_22
17002513559,1_59
17002513559,4_555
17002513559,8_493
17002513559,8_379
17002513559,8_412
17017388538,2_154
17017388538,7_342
17017388538,8_489
17017388538,8_392
17017388538,9_629
17017388538,9_684
17018363616,2_143
17018363616,2_154
17018363616,3_189
17018363616,7_341
17018003221,1_72
17018003221,8_455
17018003221,8_380
17018003221,8_415
17012802729,2_154
17012802729,3_189
17012802729,7_353
17012802729,10_637
17002645442,4_306
17002645442,10_682
17014230257,1_38
17014230257,2_141
17014230257,4_335
17014230257,4_329
17201919404,7_350
17018617488,2_154
17018617488,8_437
17018617488,8_501
17018617488,8_421
17018617488,8_389
17018617488,10_699
17018617488,10_683
17019174150,3_215
17019174150,8_493
17019174150,8_429
17001634068,7_361
17012500701,4_533
17012500701,3_189
17012500701,3_185
17012500701,7_345
17002787747,3_194
17002787747,8_496
17002787747,8_480
17002787747,8_416
17015468030,8_453
17015468030,10_692
17020733547,3_194
17020733547,3_189
17020733547,3_185
17020733547,3_161
17020733547,3_210
17014212934,2_143
17014212934,3_161
17014212934,3_210
17001732255,2_154
17001732255,4_333
17001732255,4_532
17001732255,9_629
17014736647,1_37
17014736647,2_114
17014736647,4_533
17014736647,3_189
17014736647,3_215
17014736647,3_202
17014736647,3_210
17014736647,4_531
17014742360,2_151
17014742360,4_533
17002815791,4_555
17002815791,8_437
17002815791,8_493
17002815791,8_413
17000906886,2_132
17019393428,1_45
17019393428,1_59
17019393428,4_335
17019393428,8_445
17019393428,8_476
17019393428,8_477
17019654417,8_489
17019654417,8_441
17019654417,8_409
17019654417,8_416
17015474433,1_38
17015474433,2_92
17015474433,2_111
17015474433,3_159
17020169916,10_671
17012534080,3_209
17012534080,7_354
17012534080,4_335
17012534080,8_385
17012534080,8_417
17012534080,9_631
17012534080,10_681
17020148896,1_37
17020148896,3_168
17018863926,3_188
17018863926,8_397
17020163808,3_185
17017122604,2_151
17017122604,3_189
17017122604,7_341
17017122604,9_629
17001982429,1_33
17001982429,1_69
17001982429,4_327
17001982429,3_184
17001982429,4_323
17001982429,4_329
17001741121,2_85
17001741121,2_132
17001741121,2_133
17001741121,3_215
17001741121,3_210
17001741121,10_689
17015516417,8_500
17015516417,8_483
17015516417,8_396
17015516417,8_397
17015516417,10_693
17016046697,1_53
17016046697,1_54
17016046697,2_143
17016046697,3_209
17016046697,3_194
17000904453,3_210
17019152149,3_210
17019152149,10_697
17019972329,8_496
17019972329,8_393
17019972329,10_691
17020649819,1_38
17020649819,3_209
17020649819,3_185
17020281528,2_154
17020281528,2_114
17002176453,1_54
17002176453,2_124
17002176453,8_484
17013022244,2_120
17013022244,2_147
17019972954,8_445
17019972954,8_484
17019972954,8_379
17019972954,8_413
17019972954,10_699
17013233790,4_555
17013233790,9_629
17001509283,2_122
17001509283,3_183
17017217952,2_99
17017217952,2_145
17017217952,2_107
17001151291,3_189
17001151291,3_168
17020161838,3_185
17020153370,3_209
17020153370,3_185
17020153370,4_249
17020153370,9_629
17019606908,8_455
17019606908,8_423
17019606908,8_422
17020590152,8_502
17020590152,7_342
17020590152,4_335
17020590152,8_439
17020590152,8_470
17020590152,8_399
17020590152,8_415
17020590152,8_431
17020590152,8_407
17001634068,2_154
17001634068,2_114
17002801130,1_40
17002801130,2_151
17002801130,4_335
17002801130,8_481
17002801130,8_456
17002801130,8_432
17002801130,8_392
17002801130,8_370
17002801130,10_636
17002801130,9_562-8_35
17016829205,1_61
17016829205,2_141
17016829205,2_110
17016829205,4_306
17016829205,4_296
17016829205,3_190
17016829205,3_205
17016829205,10_682
17016829205,9_562-8_23
17016829205,9_629
17001559020,1_59
17001559020,2_154
17001559020,3_189
17001559020,3_187
17001559020,3_194
17001559020,8_437
17001559020,8_468
17001559020,8_376
17001559020,8_405
17001559020,10_695
17002775024,1_76
17002775024,8_423
17018534755,1_38
17018534755,2_85
17018534755,2_106
17018534755,2_124
17018534755,2_113
17018534755,3_185
17018534755,3_215
17018534755,9_685
17018534755,9_684
17019951324,2_97
17019951324,2_154
17019951324,3_183
17019951324,3_210
17019951324,10_689
17002550102,8_453
17002550102,8_405
17015474433,2_126
17015474433,3_161
17015474433,3_187
17015474433,3_212
17015474433,3_202
17020277894,2_105
17020277894,3_189
17012792025,10_697
17015183818,8_440
17015183818,8_489
17012957825,2_95
17012957825,2_153
17012957825,3_168
17012957825,3_201
17019353878,2_95
17019353878,3_214
17015282170,4_518
17015282170,7_342
17015282170,4_335
17015282170,8_433
17015282170,4_531
17019069255,2_154
17019069255,3_189
17019069255,8_501
17002881997,2_97
17002881997,2_105
17002881997,3_189
17002881997,7_345
17002881997,8_484
17002881997,8_413
17002881997,8_397
17002881997,10_702
17002881997,10_693
17015226785,3_194
17015226785,3_168
17015226785,8_460
17015226785,8_389
17015226785,10_681
17002604465,3_220
17002604465,7_348
17002604465,4_556
17002604465,4_613
17018610443,10_688
17018610443,4_527
17001762191,7_354
17002513559,3_189
17002513559,8_483
17002513559,8_377
17002513559,8_413
17002513559,8_428
17002513559,9_562-1_22
17017388538,2_141
17017388538,3_189
17017388538,10_692
17017388538,4_531
17018363616,1_27
17018363616,1_53
17018363616,4_335
17018363616,7_358
17018003221,1_43
17018003221,1_59
17018003221,1_69
17018003221,8_503
17018003221,6_340
17018003221,8_407
17018003221,9_633
17012802729,4_536
17012802729,4_335
17012802729,10_697
17002645442,4_302
17014230257,1_39
17014230257,2_95
17014230257,3_218
17201919404,7_352
17201919404,9_562-8_40
17019174150,7_354
17019174150,8_413
17019174150,9_618
17503049134,1_54
17503049134,2_95
17503049134,3_189
17503049134,4_509
17012500701,1_54
17012500701,2_141
17012500701,3_194
17002787747,2_114
17002787747,3_210
17002787747,8_488
17002787747,8_417
17002787747,8_370
17002787747,10_636
17015468030,3_189
17020733547,1_39
17020733547,2_95
17014212934,2_154
17001732255,1_38
17001732255,2_95
17001732255,2_141
17001732255,4_335
17001732255,3_194
17014021498,2_114
17014021498,10_692
17014736647,2_105
17014736647,4_281
17002815791,8_436
17002815791,8_460
17002815791,8_483
17002815791,8_397
17000906886,4_530
17000906886,3_228
17000906886,4_528
17000906886,4_323
17000906886,4_335
17019393428,2_154
17019393428,8_376
17019393428,8_377
17019393428,8_413
17019393428,8_428
17019393428,10_697
17019654417,3_188
17019654417,8_433
17019654417,8_417
17019654417,10_691
17012534080,1_40
17012534080,3_214
17012534080,3_189
17012534080,8_481
17012534080,8_456
17012534080,4_522
17012534080,4_526
17020148896,2_113
17020148896,3_210
17020148896,9_629
17018863926,1_46
17018863926,3_189
17018863926,8_437
17018863926,8_484
17018863926,8_378
17018863926,8_377
17018863926,10_702
17018863926,9_618
17020163808,3_202
17014301120,9_685
17014301120,9_686
17014301120,9_684
17014301120,9_629
17017122604,2_141
17017122604,4_327
17017122604,4_276
17017122604,8_409
17017122604,10_636
17017122604,4_525
17017122604,9_562-8_20
17017122604,9_562-8_14
17001982429,1_34
17001982429,1_40
17001982429,2_140
17001982429,2_126
17001982429,2_134
17001982429,3_194
17001982429,9_685
17001741121,2_104
17001741121,2_154
17001741121,4_536
17001741121,3_219
17001741121,4_532
17001741121,10_697
17015516417,8_378
17016046697,1_38
17016046697,2_105
17016046697,4_533
17016046697,3_185
17016046697,4_531
17019152149,1_38
17019152149,2_85
17019152149,2_95
17019152149,2_141
17019152149,9_562-8_95
17019152149,9_562-1_28
17019972329,3_189
17019972329,8_409
17019972329,10_697
17020649819,3_161
17020649819,9_562-1_22
17020281528,4_325
17020281528,3_210
17002176453,2_151
17002176453,4_533
17002176453,7_342
17002176453,8_483
17002176453,8_493
17002176453,8_405
17002176453,9_625
17013022244,1_11
17019972954,1_59
17019972954,2_154
17019972954,8_483
17019972954,8_501
17013233790,1_54
17013233790,2_154
17013233790,2_149
17013233790,3_183
17013233790,8_433
17013233790,8_393
17001509283,1_69
17001509283,3_214
17017217952,2_134
17017217952,3_212
17020153370,1_54
17020153370,7_353
17019606908,1_43
17019606908,8_502
17019606908,8_439
17019606908,8_486
17019606908,8_479
17019606908,8_381
17020590152,1_72
17020590152,8_486
17020590152,10_707
17020590152,10_708
17001634068,2_95
17002801130,2_85
17002801130,2_141
17002801130,2_114
17002801130,4_555
17002801130,8_417
17002801130,8_393
17002801130,8_385
17002801130,8_369
17002801130,8_408
17002801130,4_522
17002801130,4_532
17016829205,1_60
17016829205,2_90
17016829205,1_46
17016829205,1_59
17016829205,2_91
17016829205,3_191
17016829205,2_136
17016829205,2_146
17016829205,3_214
17016829205,3_215
17016829205,4_298
17016829205,10_688
17016829205,9_562-1_53
17001559020,1_33
17001559020,8_484
17001559020,8_413
17001559020,10_699
17001559020,9_618
17002775024,1_43
17002775024,1_60
17002775024,1_57
17002775024,1_59
17002775024,8_502
17002775024,3_189
17002775024,8_486
17018534755,1_34
17018534755,1_37
17018534755,2_104
17018534755,4_324
17019951324,2_151
17019951324,4_555
17019951324,3_189
17019951324,3_188
17019951324,6_340
17019951324,10_636
17019951324,9_629
17002550102,8_389
17015474433,2_118
17015474433,3_209
17015474433,3_189
17015474433,3_196
17015474433,3_208
17015474433,4_554
17015474433,9_684
17020277894,2_132
17020277894,2_151
17020277894,2_141
17020277894,3_214
17020277894,3_176
17020277894,3_219
17012792025,2_131
17012792025,2_112
17012792025,3_189
17012792025,7_342
17015183818,2_151
17015183818,8_417
17015183818,4_511
17015183818,10_636
17015183818,9_562-1_22
17012957825,1_52
17012957825,2_114
17012957825,2_118
17012957825,3_185
17019353878,1_37
17019353878,1_54
17019353878,1_59
17019353878,2_105
17019353878,3_189
17019353878,9_623
17015282170,2_85
17015282170,8_409
17015282170,4_522
17019069255,8_477
17019069255,8_377
17019069255,9_562-8_61
17002881997,4_555
17002881997,8_437
17002881997,9_629
17015226785,2_154
17015226785,8_397
17015226785,10_700
17015226785,10_697
17002550102,10_693
17002604465,4_322
17002604465,3_189
17002604465,3_210
17002604465,10_636
17002604465,4_532
17002604465,10_669
17001762191,2_87
17001762191,2_95
17001762191,2_148
17001762191,3_189
17002513559,8_420
17002513559,10_701
17002513559,9_618
17017388538,4_533
17017388538,7_351
17017388538,10_635
17018363616,2_105
17018363616,2_116
17018363616,3_202
17018003221,1_61
17018003221,1_57
17018003221,1_64
17018003221,2_154
17018003221,3_215
17018003221,8_487
17018003221,8_447
17018003221,8_381
17012802729,1_38
17012802729,2_95
17012802729,3_194
17012802729,2_112
17012802729,3_185
17012802729,3_166
17012802729,4_532
17002645442,4_300
17014230257,1_56
17014230257,1_52
17014230257,2_124
17014230257,2_114
17014230257,3_170
17014230257,3_202
17014230257,7_360
17018617488,4_554
17018617488,10_642
17018617488,10_693
17019174150,1_43
17019174150,1_57
17019174150,2_154
17019174150,8_445
17019174150,8_377
17019174150,10_694
17019174150,10_701
17019174150,10_703
17503049134,3_194
17503049134,2_114
17019530148,4_523
17019530148,3_189
17012500701,2_151
17012500701,2_154
17012500701,2_124
17012500701,3_210
17002787747,3_189
17002787747,8_473
17002787747,8_409
17002787747,8_408
17002787747,4_532
17015468030,2_154
17020733547,9_562-8_49
17014212934,1_54
17014212934,2_85
17014212934,2_97
17014212934,2_151
17001732255,2_85
17001732255,2_114
17001732255,4_296
17001732255,3_209
17001732255,3_185
17001732255,4_526
17014021498,2_95
17014021498,2_154
17014736647,2_95
17014736647,2_126
17014736647,3_212
17014742360,3_189
17002815791,8_468
17002815791,8_377
17002815791,9_618
17002815791,10_693
17000906886,3_210
17019393428,1_46
17019393428,1_57
17019393428,8_500
17019393428,7_354
17019393428,8_493
17019393428,8_484
17019393428,10_699
17019654417,3_189
17015474433,1_40
17015474433,1_52
17015474433,2_140
17015474433,2_145
17012534080,2_79
17012534080,2_85
17012534080,2_105
17012534080,2_151
17012534080,4_533
17012534080,3_168
17012534080,8_464
17012534080,8_496
17012534080,8_416
17012534080,4_532
17012534080,9_629
17020148896,1_54
17020148896,2_104
17020148896,2_114
17018863926,1_69
17018863926,3_215
17018863926,8_460
17018863926,8_405
17020163808,1_24
17014301120,2_96
17014301120,2_143
17014301120,2_151
17014301120,3_194
17017122604,2_95
17017122604,2_124
17017122604,3_210
17017122604,4_323
17017122604,9_562-1_20
17001982429,1_36
17001982429,1_37
17001982429,1_53
17001982429,1_73
17001982429,2_118
17001982429,4_530
17001982429,3_189
17001982429,3_185
17001982429,9_686
17001741121,2_97
17001741121,2_114
17001741121,3_214
17001741121,3_189
17001741121,4_323
17001741121,4_333
17015516417,3_189
17015516417,8_445
17015516417,8_484
17015516417,8_477
17015516417,8_421
17016046697,2_85
17016046697,2_114
17019152149,1_54
17019152149,2_114
17019152149,3_189
17019152149,7_341
17019972329,2_154
17019972329,8_489
17020649819,2_105
17020649819,2_154
17020649819,4_555
17002176453,1_52
17002176453,2_141
17002176453,8_500
17002176453,3_194
17002176453,8_389
17013022244,2_85
17013022244,2_91
17013022244,2_110
17013022244,4_310
17013022244,3_190
17013022244,3_188
17019972954,3_189
17019972954,8_421
17019972954,8_397
17013233790,2_85
17013233790,2_95
17013233790,2_141
17013233790,3_210
17013233790,4_335
17013233790,8_441
17001509283,3_189
17001509283,4_335
17017217952,1_38
17017217952,1_57
17017217952,2_95
17017217952,2_105
17017217952,2_106
17017217952,3_210
17017217952,4_329
17017217952,10_636
17001151291,1_54
17001151291,4_555
17001151291,3_209
17001151291,3_210
17001151291,7_342
17001151291,9_629
17020161838,2_114
17020153370,2_95
17020153370,3_189
17019606908,3_215
17019606908,8_407
17020590152,1_69
17020590152,3_214
17020590152,8_495
17020590152,8_447
17020590152,8_423
17020590152,8_391
17001634068,2_105
17001634068,3_189
17002801130,1_54
17002801130,4_528
17002801130,3_196
17002801130,4_333
17002801130,8_489
17002801130,8_409
17002801130,8_424
17002801130,8_371
17016829205,1_47
17016829205,1_57
17016829205,2_137
17016829205,2_147
17016829205,4_255
17016829205,3_164
17016829205,3_219
17016829205,4_259
17001559020,1_56
17001559020,1_52
17001559020,2_126
17001559020,2_141
17001559020,2_114
17001559020,8_445
17001559020,8_404
17002775024,1_45
17002775024,3_214
17002775024,4_335
17002775024,8_470
17002775024,9_562-8_34
17018534755,1_33
17018534755,1_56
17018534755,1_57
17018534755,2_95
17018534755,2_105
17018534755,2_143
17018534755,2_145
17018534755,3_189
17018534755,3_219
17018534755,9_629
17019951324,2_103
17019951324,2_114
17019951324,3_200
17019951324,4_335
17002550102,8_483
17002550102,8_468
17002550102,8_421
17002550102,8_413
17015474433,3_210
17015474433,7_345
17015474433,9_629
17020277894,1_54
17020277894,3_168
17020277894,7_345
17020277894,3_210
17020277894,4_335
17020277894,4_532
17020277894,4_554
17012792025,2_154
17012792025,3_215
17012792025,3_208
17015183818,4_555
17015183818,8_441
17012957825,3_187
17019353878,1_60
17019353878,2_85
17019353878,2_154
17019353878,2_114
17019353878,2_151
17019353878,4_335
17019353878,8_480
17019353878,8_425
17019353878,4_532
17019353878,10_697
17015282170,2_141
17015282170,3_189
17015282170,8_489
17015282170,8_440
17019069255,8_484
17002881997,1_53
17002881997,2_143
17002881997,8_445
17002881997,8_378
17002881997,8_377
17015226785,2_132
17015226785,8_437
17015226785,4_521
17015226785,10_693
17002550102,10_700
17002550102,9_562-1_28
17002550102,9_629
17002604465,4_518
17002604465,4_536
17002604465,4_324
17002604465,4_329
17002604465,4_332
17002604465,10_697
17002604465,10_691
17018610443,10_635
17001762191,1_54
17001762191,2_102
17001762191,2_111
17001762191,2_139
17001762191,4_335
17001762191,9_685
17001762191,9_686
17002513559,8_500
17002513559,3_214
17002513559,8_376
17002513559,8_378
17002513559,10_693
17017388538,8_433
17017388538,8_440
17017388538,9_562-1_39
17018363616,7_356
17018003221,1_44
17018003221,1_65
17018003221,1_68
17018003221,3_189
17018003221,8_430
17018003221,8_399
17018003221,10_688
17018003221,10_707
17012802729,2_103
17012802729,2_141
17012802729,2_149
17012802729,3_210
17002645442,4_308
17014230257,2_153
17014230257,3_204
17014230257,3_161
17014230257,3_187
17014230257,3_210
17201919404,3_218
17018617488,8_445
17018617488,8_484
17018617488,8_477
17018617488,8_377
17018617488,10_692
17019174150,3_214
17019174150,3_189
17019174150,8_485
17019174150,8_484
17019174150,8_477
17019174150,4_555
17001634068,4_532
17001634068,4_555
17002900504,10_703
17019530148,2_154
17019530148,4_522
17002787747,8_441
17002787747,9_562-8_14
17002787747,9_629
17015468030,10_693
17020733547,1_40
17020733547,2_105
17020733547,2_154
17014212934,2_95
17014212934,4_335
17001732255,2_123
17001732255,3_189
17001732255,3_219
17001732255,3_210
17001732255,10_697
17001732255,4_555
17014021498,2_141
17014021498,7_345
17014736647,1_38
17014736647,2_85
17014736647,2_132
17014736647,2_141
17014736647,3_214
17014736647,3_185
17014736647,3_187
17014736647,3_219
17014736647,10_681
17014742360,3_194
17002815791,8_477
17002815791,8_405
17000906886,1_38
17000906886,1_40
17000906886,7_354
17019393428,1_43
17019393428,4_296
17019393428,8_483
17019393428,8_389
17012964453,9_562-1_12
17015474433,1_36
17015474433,2_85
17020169916,4_519
17012534080,2_104
17012534080,2_141
17012534080,4_530
17012534080,3_196
17012534080,3_219
17012534080,8_473
17012534080,8_409
17020148896,2_89
17020148896,2_154
17020148896,2_141
17020148896,3_209
17020148896,3_201
17020148896,4_532
17018863926,2_154
17018863926,3_214
17018863926,8_493
17018863926,8_413
17018863926,8_404
17018863926,4_555
17020163808,2_97
17020163808,2_143
17020163808,2_116
17020163808,7_359
17014301120,2_85
17014301120,2_142
17017122604,10_688
17001982429,1_32
17001982429,1_47
17001982429,2_106
17001982429,2_153
17001982429,2_154
17001982429,2_124
17001982429,2_107
17001982429,2_113
17001982429,2_114
17001982429,3_212
17001741121,1_38
17001741121,2_95
17001741121,3_209
17001741121,3_185
17015516417,6_340
17016046697,2_97
17016046697,2_116
17016046697,4_530
17016046697,3_210
17016046697,9_629
17000904453,4_336
17000904453,10_639
17019152149,2_105
17019152149,7_353
17019152149,9_562-8_54
17019152149,9_562-8_14
17019152149,9_629
17019972329,8_433
17019972329,8_441
17019972329,8_497
17019972329,8_417
17019972329,9_562-8_51
17020649819,9_562-8_95
17020281528,7_365
17020281528,4_522
17002176453,2_154
17002176453,4_335
17002176453,8_445
17002176453,8_421
17002176453,8_397
17002176453,10_702
17002176453,10_693
17013022244,3_191
17013022244,3_218
17013022244,4_297
17013022244,4_304
17019972954,8_377
17013233790,3_189
17013233790,8_473
17013233790,8_489
17013233790,10_637
17001509283,2_154
17001509283,2_149
17001509283,10_691
17017217952,1_33
17017217952,1_36
17017217952,1_52
17017217952,2_104
17017217952,2_153
17017217952,2_151
17017217952,2_133
17017217952,2_141
17017217952,3_211
17017217952,4_528
17017217952,3_196
17017217952,7_342
17017217952,4_335
17017217952,4_522
17020161838,3_189
17020161838,4_265
17020153370,1_38
17020153370,2_114
17019606908,8_503
17019606908,8_470
17019606908,8_447
17019606908,8_399
17019606908,10_707
17020590152,8_462
17020590152,8_430
17020590152,8_406
17020590152,9_633
17001634068,1_38
17001634068,3_185
17002801130,1_47
17002801130,4_530
17002801130,3_188
17002801130,8_473
17002801130,8_368
17002801130,4_526
17002801130,9_685
17002801130,9_562-1_22
17016829205,1_12
17016829205,2_85
17016829205,2_109
17016829205,4_302
17016829205,3_197
17016829205,7_354
17016829205,4_335
17016829205,4_511
17016829205,9_562-8_34
17001559020,1_38
17001559020,2_118
17001559020,8_500
17001559020,8_460
17001559020,8_477
17001559020,8_377
17002775024,1_69
17002775024,8_503
17002775024,8_455
17002775024,8_479
17002775024,8_430
17002775024,10_688
17018534755,1_40
17018534755,1_43
17018534755,1_53
17018534755,1_54
17018534755,1_59
17018534755,2_132
17018534755,2_118
17018534755,3_211
17018534755,3_168
17018534755,3_187
17018534755,3_210
17018534755,10_691
17019951324,2_122
17019951324,3_168
17019951324,3_208
17019951324,3_194
17019951324,5_339
17019951324,9_562-8_65
17019951324,10_697
17002550102,3_189
17002550102,8_437
17002550102,8_493
17015474433,2_113
17015474433,4_296
17015474433,3_168
17015474433,10_695
17015474433,10_705
17015474433,9_686
17020277894,4_520
17012792025,1_21
17012792025,4_536
17012792025,10_636
17012792025,4_526
17015183818,2_85
17015183818,4_533
17015183818,4_526
17015183818,9_562-8_95
17015183818,10_635
17015183818,9_629
17012957825,1_33
17012957825,1_40
17012957825,1_56
17012957825,2_145
17012957825,7_342
17019353878,8_489
17019353878,8_496
17019353878,8_441
17019353878,8_424
17019353878,8_401
17019353878,8_416
17019353878,10_636
17015282170,2_151
17015282170,2_114
17015282170,8_496
17015282170,8_417
17019069255,8_437
17019069255,8_421
17019069255,10_697
17002881997,8_493
17002881997,8_421
17002881997,8_405
17015226785,1_54
17015226785,2_95
17015226785,2_151
17015226785,3_189
17015226785,10_705
17015226785,9_629
17002604465,3_218
17018610443,10_689
17018610443,9_562-8_41
17001762191,2_105
17001762191,2_141
17001762191,4_530
17001762191,4_518
17002513559,8_445
17002513559,8_468
17002513559,8_484
17002513559,8_477
17002513559,8_389
17002513559,8_405
17002513559,10_702
17017388538,1_54
17017388538,2_85
17017388538,3_185
17017388538,7_343
17017388538,8_409
17017388538,8_401
17017388538,8_416
17017388538,9_562-8_56
17018363616,7_349
17018003221,1_45
17018003221,1_60
17018003221,8_502
17018003221,3_214
17018003221,4_335
17018003221,8_470
17018003221,8_495
17018003221,8_479
17018003221,10_697
17012802729,2_114
17012802729,3_207
17012802729,4_555
17002645442,4_335
17014230257,1_34
17014230257,2_145
17014230257,2_154
17014230257,2_118
17014230257,3_163
17201919404,3_189
17018617488,3_189
17018617488,8_397
17018617488,8_405
17019174150,8_397
17019174150,8_405
17503049134,2_154
17503049134,2_151
17012500701,1_52
17012500701,4_535
17002787747,2_95
17002787747,2_154
17002787747,2_151
17002787747,8_440
17002787747,10_681
17015468030,7_354
17015468030,8_421
17020733547,1_54
17020733547,3_202
17014212934,2_141
17014212934,9_624
17014212934,9_629
17014021498,2_151
17014736647,1_54
17014736647,2_145
17014736647,7_341
17014736647,9_562-1_22
17014736647,9_562-8_20
17014742360,2_124
17014742360,2_141
17014742360,3_185
17002815791,3_189
17002815791,8_484
17002815791,10_703
17000906886,1_54
17000906886,2_85
17000906886,2_151
17000906886,2_114
17019393428,8_437
17019393428,8_378
17019393428,8_404
17019393428,8_405
17019654417,4_335
17019654417,8_393
17015474433,1_56
17015474433,2_153
17015474433,2_124
17012534080,1_38
17012534080,2_95
17012534080,4_518
17012534080,8_370
17012534080,10_636
17012534080,9_684
17012534080,9_621
17020148896,2_85
17020148896,2_95
17020148896,3_189
17020148896,3_202
17018863926,7_355
17018863926,7_353
17018863926,8_445
17018863926,8_428
17018863926,8_389
17018863926,10_701
17020163808,1_25
17020163808,1_53
17014301120,2_97
17014301120,2_115
17014301120,3_161
17014301120,4_335
17014301120,10_689
17017122604,1_54
17001982429,2_85
17001982429,2_99
17001982429,2_145
17001982429,3_209
17001982429,3_161
17001982429,3_168
17001741121,1_59
17001741121,4_530
17001741121,3_195
17001741121,4_335
17015516417,3_188
17015516417,7_357
17015516417,8_405
17016046697,2_154
17019152149,4_530
17019152149,4_335
17019152149,9_562-1_22
17019152149,10_638
17020649819,2_95
17020649819,3_210
17020649819,10_640
17020649819,9_562-1_53
17020649819,9_562-8_56
17002176453,8_501
17002176453,8_437
17002176453,10_701
17013022244,3_181
17013022244,3_617
17013022244,9_629
17019972954,8_500
17019972954,8_493
17019972954,8_477
17019972954,7_366
17019972954,10_693
17013233790,1_38
17013233790,2_93
17013233790,2_104
17013233790,4_536
17013233790,3_194
17001509283,4_536
17001509283,3_208
17017217952,2_124
17017217952,3_209
17017217952,3_189
17001151291,2_85
17001151291,2_154
17001151291,4_335
17001151291,3_194
17020161838,1_38
17020161838,2_95
17020161838,2_141
17020161838,4_533
17020161838,3_194
17020153370,2_85
17020153370,2_154
17019606908,4_335
17019606908,8_462
17019606908,8_487
17019606908,8_430
17020590152,3_215
17020590152,10_688
17001634068,1_40
17002801130,1_43
17002801130,1_46
17002801130,1_57
17002801130,1_59
17002801130,2_105
17002801130,4_524
17002801130,3_214
17002801130,4_280
17002801130,8_433
17002801130,8_488
17002801130,8_496
17002801130,10_681
17002801130,9_562-8_95
17016829205,1_48
17016829205,2_101
17016829205,3_188
17016829205,3_218
17016829205,4_297
17001559020,2_95
17001559020,3_214
17001559020,8_501
17002775024,1_44
17002775024,1_47
17002775024,1_73
17002775024,3_215
17002775024,8_381
17002775024,8_398
17002775024,8_399
17002775024,8_415
17002775024,9_562-1_19
17018534755,1_52
17018534755,3_194
17019951324,2_79
17019951324,2_95
17019951324,2_112
17019951324,2_141
17019951324,3_202
17002550102,8_445
17002550102,8_378
17002550102,8_397
17015474433,4_520
17015474433,3_194
17015474433,9_685
17020277894,1_38
17020277894,1_59
17020277894,2_154
17020277894,4_555
17020277894,9_629
17012792025,2_93
17015183818,2_154
17015183818,2_118
17015183818,8_433
17015183818,10_638
17012957825,2_124
17012957825,3_210
17012957825,3_203
17019353878,1_43
17019353878,3_215
17019353878,8_497
17019353878,8_473
17015282170,2_154
17015282170,8_385
17015282170,10_681
17019069255,8_500
17019069255,8_445
17019069255,8_483
17002881997,10_697
17015226785,3_210
17015226785,8_483
17015226785,8_468
17015226785,8_493
17015226785,10_706
17015226785,9_562-8_20
